,year,total_visitors,total_returns,total_new,Temperature,from_11201,avg_visits_per_hour,avg_returns_per_hour,avg_new_per_hour,avg_from_11201_per_hour,ratio_11201,day,week,month,precipitation,cloud_cover,snow,rain
0,2015,62.2857142857,10.693877551,51.5918367347,65.0336734694,,18.1428571429,3.30102040816,14.8418367347,,,4.63265306122,42.6326530612,10.1428571429,0.00282653061224,0.2675,0.0,0.285714285714
1,2016,60.4358974359,21.5794871795,38.7025641026,63.8562051282,25.3922651934,19.1858974359,7.62051282051,11.5051282051,8.90745856354,0.519185409038,3.71282051282,25.7384615385,6.4358974359,0.00342,0.299384615385,0.0358974358974,0.384615384615
2,2017,51.5052631579,22.8,28.7631578947,62.1812631579,21.9157894737,16.6776315789,8.07763157895,8.62368421053,7.93552631579,0.535495052367,3.75263157895,25.5736842105,6.35789473684,0.00321789473684,0.345,0.0315789473684,0.405263157895
3,2018,49.8406593407,25.978021978,23.489010989,63.7802747253,22.9065934066,16.3200549451,9.17032967033,7.05082417582,8.3228021978,0.554324399035,3.74725274725,24.1043956044,5.98901098901,0.00474450549451,0.490549450549,0.0274725274725,0.543956043956
